category,filename,width_px,height_px,format,background
onboarding,01_woman_voice_review.png,616,536,PNG,transparent
onboarding,02_insights_analytics.png,531,507,PNG,transparent
onboarding,03_whatsapp_followup.png,539,411,PNG,transparent
onboarding,04_offline_card_illustration.png,517,371,PNG,transparent
onboarding,05_coffee_sprig_left.png,348,238,PNG,transparent
onboarding,06_leaves_center.png,268,251,PNG,transparent
onboarding,07_coffee_sprig_right.png,341,251,PNG,transparent
onboarding,08_bottom_farm_landscape.png,1134,314,PNG,transparent
home,01_coffee_branch_header.png,516,413,PNG,transparent
home,02_offline_banner_landscape.png,631,336,PNG,transparent
home,03_leaf_berries_cluster.png,311,275,PNG,transparent
home,04_leaf_cluster_plain.png,290,286,PNG,transparent
home,05_flower_berries_cluster.png,286,276,PNG,transparent
home,06_leaf_cluster_right.png,295,271,PNG,transparent
home,07_action_microphone.png,286,327,PNG,transparent
home,08_action_message.png,331,345,PNG,transparent
home,09_action_analytics.png,306,342,PNG,transparent
home,10_action_camera.png,301,341,PNG,transparent
home,11_bottom_farm_landscape.png,1099,370,PNG,transparent
consent,01_visitor_host_hero.png,1136,511,PNG,transparent
consent,02_language_segmented_control.png,814,163,PNG,transparent
consent,03_record_button.png,406,396,PNG,transparent
consent,04_bottom_left_coffee_foliage.png,311,416,PNG,transparent
consent,05_bottom_right_coffee_foliage.png,313,431,PNG,transparent
consent,06_bottom_hills_landscape.png,916,241,PNG,transparent
insights,01_top_right_coffee_branch.png,440,334,PNG,transparent
insights,02_header_hills.png,1127,261,PNG,transparent
insights,03_topic_coffee_card.png,406,350,PNG,transparent
insights,04_topic_food_card.png,396,348,PNG,transparent
insights,05_booking_card.png,419,350,PNG,transparent
insights,06_experimental_ideas_panel.png,1132,331,PNG,transparent
insights,07_bottom_farm_landscape.png,1158,368,PNG,transparent
icons,01_microphone.png,312,287,PNG,transparent
icons,02_chat_bubble.png,316,314,PNG,transparent
icons,03_analytics.png,297,303,PNG,transparent
icons,04_camera.png,339,298,PNG,transparent
icons,05_wifi_off.png,305,297,PNG,transparent
icons,06_back_arrow.png,293,280,PNG,transparent
icons,07_settings.png,285,287,PNG,transparent
icons,08_coffee_cup.png,284,281,PNG,transparent
icons,09_leaf.png,301,280,PNG,transparent
icons,10_food_cutlery.png,269,278,PNG,transparent
icons,11_calendar_booking.png,295,281,PNG,transparent
icons,12_warning.png,311,246,PNG,transparent
icons,13_sparkles.png,310,275,PNG,transparent
icons,14_right_arrow.png,293,253,PNG,transparent
icons,15_user.png,268,247,PNG,transparent
icons,16_voice_wave_bubble.png,299,246,PNG,transparent
icons,17_coffee_sprig.png,266,294,PNG,transparent
